{
"com.badlogic.gdx.graphics.Color":{
"white":{"r":1,"g":1,"b":1,"a":1},
"black":{"r":0,"g":0,"b":0,"a":1}
},

"com.badlogic.gdx.scenes.scene2d.ui.Skin$TintedDrawable":{
"dialogDim": {"name":"uibackground","color":{"r":0,"g":0,"b":0,"a":1} }
},

"com.badlogic.gdx.graphics.g2d.BitmapFont":{
"white":{"file":"white.fnt"},
"musicfont":{"file":"kanda.fnt"},
"black":{"file":"black.fnt"}
},

"com.badlogic.gdx.scenes.scene2d.ui.Label$LabelStyle":{
"default":{"font":white,"fontColor":white}
},

"com.badlogic.gdx.scenes.scene2d.ui.TextButton$TextButtonStyle":{
"leaderboard":{"font":black,"up":"leaderboard","down":"leaderboard","pressedOffsetX":1,"pressedOffsetY":-1},
"achievements":{"font":black,"up":"achievements","down":"achievements","pressedOffsetX":1,"pressedOffsetY":-1},
"start":{"font":black,"up":"startb","down":"starta","pressedOffsetX":1,"pressedOffsetY":-1},
"exit":{"font":black,"up":"exitb","down":"exita","pressedOffsetX":1,"pressedOffsetY":-1},
"highscore":{"font":black,"up":"highscoreb","down":"highscorea","pressedOffsetX":1,"pressedOffsetY":-1},
"stats":{"font":black,"up":"statsb","down":"statsa","pressedOffsetX":1,"pressedOffsetY":-1},
"setting":{"font":black,"up":"settingb","down":"settinga","pressedOffsetX":1,"pressedOffsetY":-1},
"default":{"font":white,"up":"ok11","down":"ok12","pressedOffsetX":1,"pressedOffsetY":-1},
"musics":{"font":musicfont,"up":"musicsound1","down":"musicsound2","pressedOffsetX":1,"pressedOffsetY":-1},
"feedback":{"font":black,"up":"feedbackb","down":"feedbacka","pressedOffsetX":1,"pressedOffsetY":-1},
"aboutus":{"font":black,"up":"aboutusb","down":"aboutusa","pressedOffsetX":1,"pressedOffsetY":-1},
"resume":{"font":black,"up":"resumed","down":"resumeu","pressedOffsetX":1,"pressedOffsetY":-1},
"next":{"font":black,"up":"nextbuttond","down":"nextbuttonu","pressedOffsetX":1,"pressedOffsetY":-1},
"mainmenu":{"font":white,"up":"mainmenu1","down":"mainmenu2","pressedOffsetX":1,"pressedOffsetY":-1},
"backbutton":{"font":white,"up":"menu1","down":"menu2","pressedOffsetX":1,"pressedOffsetY":-1},
"restart":{"font":black,"up":"replay","down":"replay","pressedOffsetX":1,"pressedOffsetY":-1},
"runaway":{"font":white,"up":"runaway1","down":"runaway2","pressedOffsetX":1,"pressedOffsetY":-1},
"aboutus":{"font":black,"up":"aboutusb","down":"aboutusa","pressedOffsetX":1,"pressedOffsetY":-1},
"sharebutton":{"font":white,"up":"ok3","down":"ok4","pressedOffsetX":1,"pressedOffsetY":-1},
"continue":{"font":white,"up":"continue1","down":"continue2","pressedOffsetX":1,"pressedOffsetY":-1},
"playlater":{"font":white,"up":"later1","down":"later2","pressedOffsetX":1,"pressedOffsetY":-1},
"okbutton":{"font":white,"up":"oku","down":"okd","pressedOffsetX":1,"pressedOffsetY":-1},
"loadgame":{"font":white,"up":"loadgameb","down":"loadgamea","pressedOffsetX":1,"pressedOffsetY":-1},
"newgame":{"font":white,"up":"newgameb","down":"newgamea","pressedOffsetX":1,"pressedOffsetY":-1},
"instructions":{"font":white,"up":"instructionb","down":"instructiona","pressedOffsetX":1,"pressedOffsetY":-1},
"video":{"font":white,"up":"videob","down":"videoa","pressedOffsetX":1,"pressedOffsetY":-1},
"bac":{"font":white,"up":"backb","down":"backa","pressedOffsetX":1,"pressedOffsetY":-1},
"switchmode":{"font":white,"up":"swtchb","down":"swtcha","pressedOffsetX":1,"pressedOffsetY":-1},
"offline":{"font":white,"up":"noplayb","down":"noplaya","pressedOffsetX":1,"pressedOffsetY":-1},
"online":{"font":white,"up":"playliveb","down":"playlivea","pressedOffsetX":1,"pressedOffsetY":-1}
},

"com.badlogic.gdx.scenes.scene2d.ui.TextField$TextFieldStyle":{
"default":{"font":black,"fontColor":black,"background":"textboxbackground","focusedBackground":"textboxfocusedbackground","cursor":"cursor","selection":"selectioncursor","disabledBackground":"textboxbackground","messageFont":black,"messageFontColor":black}
},

"com.badlogic.gdx.scenes.scene2d.ui.Window$WindowStyle":{
"default":{"background":"back","titleFont":white,"titleFontColor":white},
"dialog":{"background":"back","titleFont":white,"titleFontColor":white}
}

}